,fname,text
0,,".  View IT - Dubai's number one property website for properties for sale and to rent.     Buy    Rent About Us  Viewings made  easy    Buy    Rent      ViewIT      Min Rent    20,000    30,000    40,000    50,000    60,000    70,000    80,000    90,000    100,000    110,000    120,000    130,000    140,000    150,000    160,000    170,000    180,000    190,000    200,000    225,000    250,000    275,000    300,000    350,000    400,000    500,000    750,000    1,000,000     Max Rent    20,000    30,000    40,000    50,000    60,000    70,000    80,000    90,000    100,000    110,000    120,000    130,000    140,000    150,000    160,000    170,000    180,000    190,000    200,000    225,000    250,000    275,000    300,000    350,000    400,000    500,000    750,000    1,000,000     Min. Beds    1    2    3    4    5    6     ViewIT   Featured Listings  Featured Listings  Jumeirah Park AED 4,800,000 Regional Stunning Garden l Single Row l Regional | Pvt Pool  Villa   3   4   3,063 Sq Ft  Downtown Dubai AED 5,600,000 The Address Dubai Mall Luxury Living |Burj and Fountain Views | Furnished  Apartment   2   3   1,458 Sq Ft  Downtown Dubai AED 3,500,000 29 Boulevard EXCLUSIVE | 3Bed DUPLEX | BEST LAYOUT | BLVD VIEWS  Apartment   3   4   1,739 Sq Ft  Motor City AED 548,520 Uptown Motor City Best Price for 1bedroom |Ready to move-in| Storage  Apartment   1   2   818 Sq Ft  Dubai Harbour AED 2,990,000 EMAAR Beachfront Title: 4years Payment plan|Sea View| Branded Ultra  Apartment   1   2   733 Sq Ft  The Meadows AED 7,950,000 Meadows 2 Meadows 2 | Fully Upgraded | Modern Contemporary   Villa   5   5   3,805 Sq Ft   Features & Benefits  Features & Benefits  This is how we Streamline our Process  This is how we Streamline our Process  Our process is very simple. 1. Agent goes to the listing. 2. Agent takes a video of the listing. 3. Agent geo-tags himself at the listing. 4. Agent uploads the listing to ViewIT.ae These 4 simple steps are at the root of our product. Our goal is to deliver immersive and verifiable listings to our clients, giving you the piece of mind that you are viewing the real thing. Time Efficient     By watching ViewIT videos, you will save valuable time by     being able to view the Property from your phone.         Support Team         We have a 247 support team to help you with any issues you may     have        Target The Best        We only list the best Properties - we ensure that each listing    is filmed at 1080p and has the requisite information and    annotations to ensure that your choice is an informed one.        Want to Buy or Sell Your  Property?  Want to Buy or Sell Your  Property? ViewIT is the only property portal that exclusively lists video listings on it‚Äôs site. We feel videos offer a more immersive experience for buyers and tenants. Welcome to the future of Real Estate.  Quick Links   - Home   - About Us   - Services -Privacy Policy  - Contact Us    Copyright ¬© 2021 ViewIT. All rights reserved.        Quick Links   -Home   -About Us   -Contact Us -Privacy Policy   Copyright ¬© 2021 ViewIT. All rights reserved.  <noscript  ><iframe   src=""https://www.googletagmanager.com/ns.html?id=GTM-PK98C87""   height=""0""   width=""0""   style=""display: none; visibility: hidden""  ></iframe  ></noscript> "
1,,".  View IT - Dubai's number one property website for properties for sale and to rent.     Buy    Rent About Us  Viewings made  easy    Buy    Rent      ViewIT      Min Rent    20,000    30,000    40,000    50,000    60,000    70,000    80,000    90,000    100,000    110,000    120,000    130,000    140,000    150,000    160,000    170,000    180,000    190,000    200,000    225,000    250,000    275,000    300,000    350,000    400,000    500,000    750,000    1,000,000     Max Rent    20,000    30,000    40,000    50,000    60,000    70,000    80,000    90,000    100,000    110,000    120,000    130,000    140,000    150,000    160,000    170,000    180,000    190,000    200,000    225,000    250,000    275,000    300,000    350,000    400,000    500,000    750,000    1,000,000     Min. Beds    1    2    3    4    5    6     ViewIT   Featured Listings  Featured Listings  Jumeirah Park AED 4,800,000 Regional Stunning Garden l Single Row l Regional | Pvt Pool  Villa   3   4   3,063 Sq Ft  Downtown Dubai AED 5,600,000 The Address Dubai Mall Luxury Living |Burj and Fountain Views | Furnished  Apartment   2   3   1,458 Sq Ft  Downtown Dubai AED 3,500,000 29 Boulevard EXCLUSIVE | 3Bed DUPLEX | BEST LAYOUT | BLVD VIEWS  Apartment   3   4   1,739 Sq Ft  Motor City AED 548,520 Uptown Motor City Best Price for 1bedroom |Ready to move-in| Storage  Apartment   1   2   818 Sq Ft  Dubai Harbour AED 2,990,000 EMAAR Beachfront Title: 4years Payment plan|Sea View| Branded Ultra  Apartment   1   2   733 Sq Ft  The Meadows AED 7,950,000 Meadows 2 Meadows 2 | Fully Upgraded | Modern Contemporary   Villa   5   5   3,805 Sq Ft   Features & Benefits  Features & Benefits  This is how we Streamline our Process  This is how we Streamline our Process  Our process is very simple. 1. Agent goes to the listing. 2. Agent takes a video of the listing. 3. Agent geo-tags himself at the listing. 4. Agent uploads the listing to ViewIT.ae These 4 simple steps are at the root of our product. Our goal is to deliver immersive and verifiable listings to our clients, giving you the piece of mind that you are viewing the real thing. Time Efficient     By watching ViewIT videos, you will save valuable time by     being able to view the Property from your phone.         Support Team         We have a 247 support team to help you with any issues you may     have        Target The Best        We only list the best Properties - we ensure that each listing    is filmed at 1080p and has the requisite information and    annotations to ensure that your choice is an informed one.        Want to Buy or Sell Your  Property?  Want to Buy or Sell Your  Property? ViewIT is the only property portal that exclusively lists video listings on it‚Äôs site. We feel videos offer a more immersive experience for buyers and tenants. Welcome to the future of Real Estate.  Quick Links   - Home   - About Us   - Services -Privacy Policy  - Contact Us    Copyright ¬© 2021 ViewIT. All rights reserved.        Quick Links   -Home   -About Us   -Contact Us -Privacy Policy   Copyright ¬© 2021 ViewIT. All rights reserved.  <noscript  ><iframe   src=""https://www.googletagmanager.com/ns.html?id=GTM-PK98C87""   height=""0""   width=""0""   style=""display: none; visibility: hidden""  ></iframe  ></noscript> "
2,about#contact form,"about#contact form.  View IT - Dubai's number one property website for properties for sale and to rent.     Buy    Rent About Us  Viewings made  easy    Buy    Rent      ViewIT      Min Rent    20,000    30,000    40,000    50,000    60,000    70,000    80,000    90,000    100,000    110,000    120,000    130,000    140,000    150,000    160,000    170,000    180,000    190,000    200,000    225,000    250,000    275,000    300,000    350,000    400,000    500,000    750,000    1,000,000     Max Rent    20,000    30,000    40,000    50,000    60,000    70,000    80,000    90,000    100,000    110,000    120,000    130,000    140,000    150,000    160,000    170,000    180,000    190,000    200,000    225,000    250,000    275,000    300,000    350,000    400,000    500,000    750,000    1,000,000     Min. Beds    1    2    3    4    5    6     ViewIT  What's ViewIT? What's ViewIT? ViewIT is an end to end real estate solution, combining the agent and client journey into one seamless experience. Agents use ViewITs proprietary tech to upload customized video listings. Clients then watch and interact with these listings and if they like what they see, they can contact the agent for further details. ViewIT is an end to end real estate solution, combining the agent and client journey into one seamless experience. Agents use ViewITs proprietary tech to upload customized video listings. Clients then watch and interact with these listings and if they like what they see, they can contact the agent for further details. How to use ViewIT for agents? How to use ViewIT for agents? 1 - Add details 1 - Add details 2 - Take video 2 - Take video 3 - Geo-tag 3 - Geo-tag How to use ViewIT for clients? How to use ViewIT for clients? 1 - Search 1 - Search 2 - Watch Video 2 - Watch Video 3 - Contact Agent 3 - Contact Agent Contact Us Contact Us     Want to Buy or Sell Your  Property?  Want to Buy or Sell Your  Property? ViewIT is the only property portal that exclusively lists video listings on it‚Äôs site. We feel videos offer a more immersive experience for buyers and tenants. Welcome to the future of Real Estate.  Quick Links   - Home   - About Us   - Services -Privacy    Policy  - Contact Us    Copyright ¬© 2021 ViewIT. All rights reserved.        Quick Links   -Home   -About Us   -Contact Us -Privacy    Policy   Copyright ¬© 2021 viewIT. All rights reserved.  <noscript  ><iframe   src=""https://www.googletagmanager.com/ns.html?id=GTM-PK98C87""   height=""0""   width=""0""   style=""display: none; visibility: hidden""  ></iframe  ></noscript> "
3,about,"about.  View IT - Dubai's number one property website for properties for sale and to rent.     Buy    Rent About Us  Viewings made  easy    Buy    Rent      ViewIT      Min Rent    20,000    30,000    40,000    50,000    60,000    70,000    80,000    90,000    100,000    110,000    120,000    130,000    140,000    150,000    160,000    170,000    180,000    190,000    200,000    225,000    250,000    275,000    300,000    350,000    400,000    500,000    750,000    1,000,000     Max Rent    20,000    30,000    40,000    50,000    60,000    70,000    80,000    90,000    100,000    110,000    120,000    130,000    140,000    150,000    160,000    170,000    180,000    190,000    200,000    225,000    250,000    275,000    300,000    350,000    400,000    500,000    750,000    1,000,000     Min. Beds    1    2    3    4    5    6     ViewIT  What's ViewIT? What's ViewIT? ViewIT is an end to end real estate solution, combining the agent and client journey into one seamless experience. Agents use ViewITs proprietary tech to upload customized video listings. Clients then watch and interact with these listings and if they like what they see, they can contact the agent for further details. ViewIT is an end to end real estate solution, combining the agent and client journey into one seamless experience. Agents use ViewITs proprietary tech to upload customized video listings. Clients then watch and interact with these listings and if they like what they see, they can contact the agent for further details. How to use ViewIT for agents? How to use ViewIT for agents? 1 - Add details 1 - Add details 2 - Take video 2 - Take video 3 - Geo-tag 3 - Geo-tag How to use ViewIT for clients? How to use ViewIT for clients? 1 - Search 1 - Search 2 - Watch Video 2 - Watch Video 3 - Contact Agent 3 - Contact Agent Contact Us Contact Us     Want to Buy or Sell Your  Property?  Want to Buy or Sell Your  Property? ViewIT is the only property portal that exclusively lists video listings on it‚Äôs site. We feel videos offer a more immersive experience for buyers and tenants. Welcome to the future of Real Estate.  Quick Links   - Home   - About Us   - Services -Privacy    Policy  - Contact Us    Copyright ¬© 2021 ViewIT. All rights reserved.        Quick Links   -Home   -About Us   -Contact Us -Privacy    Policy   Copyright ¬© 2021 viewIT. All rights reserved.  <noscript  ><iframe   src=""https://www.googletagmanager.com/ns.html?id=GTM-PK98C87""   height=""0""   width=""0""   style=""display: none; visibility: hidden""  ></iframe  ></noscript> "
4,listings,"listings.  View IT Search For Properties     Buy    Rent About Us  Viewings made  easy    Buy    Rent      ViewIT      Min Rent    20,000    30,000    40,000    50,000    60,000    70,000    80,000    90,000    100,000    110,000    120,000    130,000    140,000    150,000    160,000    170,000    180,000    190,000    200,000    225,000    250,000    275,000    300,000    350,000    400,000    500,000    750,000    1,000,000     Max Rent    20,000    30,000    40,000    50,000    60,000    70,000    80,000    90,000    100,000    110,000    120,000    130,000    140,000    150,000    160,000    170,000    180,000    190,000    200,000    225,000    250,000    275,000    300,000    350,000    400,000    500,000    750,000    1,000,000     Min. Beds    1    2    3    4    5    6     ViewIT   Dubai Properties in Dubai  No listings found      Want to Buy or Sell Your  Property?  Want to Buy or Sell Your  Property? ViewIT is the only property portal that exclusively lists video listings on it‚Äôs site. We feel videos offer a more immersive experience for buyers and tenants. Welcome to the future of Real Estate.  Quick Links   - Home   - About Us   - Services -Privacy Policy  - Contact Us    Copyright ¬© 2021 ViewIT. All rights reserved.        Quick Links   -Home   -About Us   -Contact Us -Privacy Policy   Copyright ¬© 2021 ViewIT. All rights reserved.  <noscript  ><iframe   src=""https://www.googletagmanager.com/ns.html?id=GTM-PK98C87""   height=""0""   width=""0""   style=""display: none; visibility: hidden""  ></iframe  ></noscript> "
5,listings 1000,"listings 1000.  View IT | Ready to move | One bed room apartment | in Jumeirah Village Circle     Buy    Rent About Us     Back To Search   Dubai    Jumeirah Village Circle      Diamond Views   Diamond Views, Jumeirah Village Circle Ready to move | One bed room apartment | AED 45,000 Type: Apartment Bedrooms: 1 Bathrooms: 1 Size: 730 Sq Ft Facebook WhatsApp Twitter Mail      Share           Your browser does not support the video tag.     Playing 1/1   Call   inam ul haq    Email   inam ul haq    WhatsApp   inam ul haq       Copy Link to this property          ORN Number :     24413         BRN Number :     53457         Permit Number :         6511641500          Trade License Number :     898346     Description PROPERT DETAILS : Unfurnished One bed room Balcony Ready to move Swimming pool Jym 1covered parking  For more details please contact to inam Diamond Views, Jumeirah Village Circle Ready to move | One bed room apartment | AED 45,000 Type: Apartment Bedrooms: 1 Bathrooms: 1 Size: 730 Sq Ft Facebook WhatsApp Twitter Mail     Share        Your browser does not support the video tag.   Playing 1/1   Call   inam ul haq    Email   inam ul haq    WhatsApp   inam ul haq      Copy Link to this property     Description PROPERT DETAILS : Unfurnished One bed room Balcony Ready to move Swimming pool Jym 1covered parking  For more details please contact to inam    Your browser does not support the video tag.    Playing 1/1  AED 45,000 Ready to move | One bed room apartment | Jumeirah Village Circle,  Diamond Views,  Dubai Location  Apartment Some text Bedrooms(s) 1 Bathrooms(s) 1 Area 730 sq .ft Location Jumeirah Village Circle  Price      45,000 AED     Description   PROPERT DETAILS : Unfurnished One bed room Balcony Ready to move Swimming pool Jym 1covered parking  For more details please contact to inam  Agent Profile    inam ul haq      ViewIT      ORN Number :   24413      BRN Number :   53457      Permit Number :      6511641500       Trade License Number :   898346   Download our agent portal today!  WhatsApp  Email  Call     Want to Buy or Sell Your  Property?  Want to Buy or Sell Your  Property? ViewIT is the only property portal that exclusively lists video listings on it‚Äôs site. We feel videos offer a more immersive experience for buyers and tenants. Welcome to the future of Real Estate.  Quick Links   - Home   - About Us   - Services -Privacy Policy  - Contact Us    Copyright ¬© 2021 ViewIT. All rights reserved.        Quick Links   -Home   -About Us   -Contact Us -Privacy Policy   Copyright ¬© 2021 ViewIT. All rights reserved.  <noscript  ><iframe   src=""https://www.googletagmanager.com/ns.html?id=GTM-PK98C87""   height=""0""   width=""0""   style=""display: none; visibility: hidden""  ></iframe  ></noscript> "
6,listings 1001,"listings 1001.  View IT | Sea view | High floor | 2 BHK in heart of dubai in Dubai Marina     Buy    Rent About Us     Back To Search   Dubai    Dubai Marina      Dusit Princess Residence   Dusit Princess Residence, Dubai Marina Sea view | High floor | 2 BHK in heart of dubai  AED 125,000 Type: Apartment Bedrooms: 2 Bathrooms: 3 Size: 1,305 Sq Ft Facebook WhatsApp Twitter Mail      Share           Your browser does not support the video tag.     Playing 1/1   Call   inam ul haq    Email   inam ul haq    WhatsApp   inam ul haq       Copy Link to this property          ORN Number :     24413         BRN Number :     53457         Permit Number :         6586177000          Trade License Number :     898346     Description Property details: 2 Bed Room 3 Bath room Sea view High floor Ready to move in 1 covered parking Jym Pool For more details please contact me Dusit Princess Residence, Dubai Marina Sea view | High floor | 2 BHK in heart of dubai  AED 125,000 Type: Apartment Bedrooms: 2 Bathrooms: 3 Size: 1,305 Sq Ft Facebook WhatsApp Twitter Mail     Share        Your browser does not support the video tag.   Playing 1/1   Call   inam ul haq    Email   inam ul haq    WhatsApp   inam ul haq      Copy Link to this property     Description Property details: 2 Bed Room 3 Bath room Sea view High floor Ready to move in 1 covered parking Jym Pool For more details please contact me    Your browser does not support the video tag.    Playing 1/1  AED 125,000 Sea view | High floor | 2 BHK in heart of dubai Dubai Marina,  Dusit Princess Residence,  Dubai Location  Apartment Some text Bedrooms(s) 2 Bathrooms(s) 3 Area 1,305 sq .ft Location Dubai Marina  Price      125,000 AED     Description   Property details: 2 Bed Room 3 Bath room Sea view High floor Ready to move in 1 covered parking Jym Pool For more details please contact me  Agent Profile    inam ul haq      ViewIT      ORN Number :   24413      BRN Number :   53457      Permit Number :      6586177000       Trade License Number :   898346   Download our agent portal today!  WhatsApp  Email  Call     Want to Buy or Sell Your  Property?  Want to Buy or Sell Your  Property? ViewIT is the only property portal that exclusively lists video listings on it‚Äôs site. We feel videos offer a more immersive experience for buyers and tenants. Welcome to the future of Real Estate.  Quick Links   - Home   - About Us   - Services -Privacy Policy  - Contact Us    Copyright ¬© 2021 ViewIT. All rights reserved.        Quick Links   -Home   -About Us   -Contact Us -Privacy Policy   Copyright ¬© 2021 ViewIT. All rights reserved.  <noscript  ><iframe   src=""https://www.googletagmanager.com/ns.html?id=GTM-PK98C87""   height=""0""   width=""0""   style=""display: none; visibility: hidden""  ></iframe  ></noscript> "
7,listings 1002,"listings 1002.  View IT | Spacious 1 bed | Large living room | Open & bright in IMPZ     Buy    Rent About Us     Back To Search   Dubai    IMPZ      Oakwood Residency   Oakwood Residency, IMPZ Spacious 1 bed | Large living room | Open & bright AED 50,000 Type: Apartment Bedrooms: 1 Bathrooms: 1 Size: 986 Sq Ft Facebook WhatsApp Twitter Mail      Share           Your browser does not support the video tag.     Living Room & Bedroom Playing 1/1   Call   Asif Mehmood    Email   Asif Mehmood    WhatsApp   Asif Mehmood       Copy Link to this property          ORN Number :     24413         BRN Number :     N/A         Permit Number :         6512315500          Trade License Number :     898346     Description Spacious 1 bedroom with a large living room in IMPZ Oakwood Residence. This unit is open plan and well maintained and ready to move-in a week. Oakwood Residency, IMPZ Spacious 1 bed | Large living room | Open & bright AED 50,000 Type: Apartment Bedrooms: 1 Bathrooms: 1 Size: 986 Sq Ft Facebook WhatsApp Twitter Mail     Share        Your browser does not support the video tag.   Living Room & Bedroom Playing 1/1   Call   Asif Mehmood    Email   Asif Mehmood    WhatsApp   Asif Mehmood      Copy Link to this property     Description Spacious 1 bedroom with a large living room in IMPZ Oakwood Residence. This unit is open plan and well maintained and ready to move-in a week.    Your browser does not support the video tag.   Living Room & Bedroom Playing 1/1  AED 50,000 Spacious 1 bed | Large living room | Open & bright IMPZ,  Oakwood Residency,  Dubai Location  Apartment Some text Bedrooms(s) 1 Bathrooms(s) 1 Area 986 sq .ft Location IMPZ  Price      50,000 AED     Description   Spacious 1 bedroom with a large living room in IMPZ Oakwood Residence. This unit is open plan and well maintained and ready to move-in a week.   Agent Profile    Asif Mehmood      RealCo      ORN Number :   24413      BRN Number :   N/A      Permit Number :      6512315500       Trade License Number :   898346   Download our agent portal today!  WhatsApp  Email  Call     Want to Buy or Sell Your  Property?  Want to Buy or Sell Your  Property? ViewIT is the only property portal that exclusively lists video listings on it‚Äôs site. We feel videos offer a more immersive experience for buyers and tenants. Welcome to the future of Real Estate.  Quick Links   - Home   - About Us   - Services -Privacy Policy  - Contact Us    Copyright ¬© 2021 ViewIT. All rights reserved.        Quick Links   -Home   -About Us   -Contact Us -Privacy Policy   Copyright ¬© 2021 ViewIT. All rights reserved.  <noscript  ><iframe   src=""https://www.googletagmanager.com/ns.html?id=GTM-PK98C87""   height=""0""   width=""0""   style=""display: none; visibility: hidden""  ></iframe  ></noscript> "
8,listings 1003,"listings 1003.  View IT | Fully furnished one bed room apartment in JVC in Jumeirah Village Circle     Buy    Rent About Us     Back To Search   Dubai    Jumeirah Village Circle      Crystal Residence   Crystal Residence, Jumeirah Village Circle Fully furnished one bed room apartment in JVC  AED 70,000 Type: Apartment Bedrooms: 1 Bathrooms: 2 Size: 936 Sq Ft Facebook WhatsApp Twitter Mail      Share           Your browser does not support the video tag.     Playing 1/1   Call   inam ul haq    Email   inam ul haq    WhatsApp   inam ul haq       Copy Link to this property          ORN Number :     24413         BRN Number :     53457         Permit Number :         6513126635          Trade License Number :     898346     Description Details: Fully furnished Chiller free Direct access to pool Large terrace 1 covered parking Ready to move in More detail contact to inam Crystal Residence, Jumeirah Village Circle Fully furnished one bed room apartment in JVC  AED 70,000 Type: Apartment Bedrooms: 1 Bathrooms: 2 Size: 936 Sq Ft Facebook WhatsApp Twitter Mail     Share        Your browser does not support the video tag.   Playing 1/1   Call   inam ul haq    Email   inam ul haq    WhatsApp   inam ul haq      Copy Link to this property     Description Details: Fully furnished Chiller free Direct access to pool Large terrace 1 covered parking Ready to move in More detail contact to inam    Your browser does not support the video tag.    Playing 1/1  AED 70,000 Fully furnished one bed room apartment in JVC Jumeirah Village Circle,  Crystal Residence,  Dubai Location  Apartment Some text Bedrooms(s) 1 Bathrooms(s) 2 Area 936 sq .ft Location Jumeirah Village Circle  Price      70,000 AED     Description   Details: Fully furnished Chiller free Direct access to pool Large terrace 1 covered parking Ready to move in More detail contact to inam   Agent Profile    inam ul haq      ViewIT      ORN Number :   24413      BRN Number :   53457      Permit Number :      6513126635       Trade License Number :   898346   Download our agent portal today!  WhatsApp  Email  Call     Want to Buy or Sell Your  Property?  Want to Buy or Sell Your  Property? ViewIT is the only property portal that exclusively lists video listings on it‚Äôs site. We feel videos offer a more immersive experience for buyers and tenants. Welcome to the future of Real Estate.  Quick Links   - Home   - About Us   - Services -Privacy Policy  - Contact Us    Copyright ¬© 2021 ViewIT. All rights reserved.        Quick Links   -Home   -About Us   -Contact Us -Privacy Policy   Copyright ¬© 2021 ViewIT. All rights reserved.  <noscript  ><iframe   src=""https://www.googletagmanager.com/ns.html?id=GTM-PK98C87""   height=""0""   width=""0""   style=""display: none; visibility: hidden""  ></iframe  ></noscript> "
9,listings 1006,"listings 1006.  View IT | CORNER UNIT |VACANT | 4BR | BRAND NEW | BEST PRICE in DAMAC Hills (Akoya by DAMAC)     Buy    Rent About Us     Back To Search   Dubai    DAMAC Hills (Akoya by DAMAC)      The Park Villas   The Park Villas, DAMAC Hills (Akoya by DAMAC) CORNER UNIT |VACANT | 4BR | BRAND NEW | BEST PRICE AED 229,900 Type: Townhouse Bedrooms: 4 Bathrooms: 5 Size: 2,462 Sq Ft Facebook WhatsApp Twitter Mail      Share           Your browser does not support the video tag.     4 bed townhouse Playing 1/1   Call   Homebond Properties    Email   Homebond Properties    WhatsApp   Homebond Properties       Copy Link to this property          ORN Number :     11889         BRN Number :     11889         Permit Number :         65101361664          Trade License Number :     678226     Description Luxurious 4 Bed Villa Plus Maids, bright and spacious living space, corner unit and ready to move-in. it has 2 parking space. Accepts up to 4 cheques. The Park Villas, DAMAC Hills (Akoya by DAMAC) CORNER UNIT |VACANT | 4BR | BRAND NEW | BEST PRICE AED 229,900 Type: Townhouse Bedrooms: 4 Bathrooms: 5 Size: 2,462 Sq Ft Facebook WhatsApp Twitter Mail     Share        Your browser does not support the video tag.   4 bed townhouse Playing 1/1   Call   Homebond Properties    Email   Homebond Properties    WhatsApp   Homebond Properties      Copy Link to this property     Description Luxurious 4 Bed Villa Plus Maids, bright and spacious living space, corner unit and ready to move-in. it has 2 parking space. Accepts up to 4 cheques.    Your browser does not support the video tag.   4 bed townhouse Playing 1/1  AED 229,900 CORNER UNIT |VACANT | 4BR | BRAND NEW | BEST PRICE DAMAC Hills (Akoya by DAMAC),  The Park Villas,  Dubai Location  Townhouse Some text Bedrooms(s) 4 Bathrooms(s) 5 Area 2,462 sq .ft Location DAMAC Hills (Akoya by DAMAC)  Price      229,900 AED     Description   Luxurious 4 Bed Villa Plus Maids, bright and spacious living space, corner unit and ready to move-in. it has 2 parking space. Accepts up to 4 cheques.  Agent Profile    Homebond Properties      Ultimate Homebond Properties      ORN Number :   11889      BRN Number :   11889      Permit Number :      65101361664       Trade License Number :   678226   Download our agent portal today!  WhatsApp  Email  Call     Want to Buy or Sell Your  Property?  Want to Buy or Sell Your  Property? ViewIT is the only property portal that exclusively lists video listings on it‚Äôs site. We feel videos offer a more immersive experience for buyers and tenants. Welcome to the future of Real Estate.  Quick Links   - Home   - About Us   - Services -Privacy Policy  - Contact Us    Copyright ¬© 2021 ViewIT. All rights reserved.        Quick Links   -Home   -About Us   -Contact Us -Privacy Policy   Copyright ¬© 2021 ViewIT. All rights reserved.  <noscript  ><iframe   src=""https://www.googletagmanager.com/ns.html?id=GTM-PK98C87""   height=""0""   width=""0""   style=""display: none; visibility: hidden""  ></iframe  ></noscript> "
10,listings 1007,"listings 1007.  View IT | Massive 2bhk with store in 85k in Bur Dubai     Buy    Rent About Us     Back To Search   Dubai    Bur Dubai      Al Mankhool   Al Mankhool, Bur Dubai Massive 2bhk with store in 85k AED 82,000 Type: Apartment Bedrooms: 2 Bathrooms: 3 Size: 1,600 Sq Ft Facebook WhatsApp Twitter Mail      Share           Your browser does not support the video tag.     Playing 1/1   Call   Abdul Razzaq    Email   Abdul Razzaq    WhatsApp   Abdul Razzaq       Copy Link to this property          ORN Number :     28236         BRN Number :     50439         Permit Number :         6850558000          Trade License Number :     989398     Description 2bhk 1600 square feet Store 3bath Balcony Built-in wardrobes Gym Pool Parking Al Mankhool, Bur Dubai Massive 2bhk with store in 85k AED 82,000 Type: Apartment Bedrooms: 2 Bathrooms: 3 Size: 1,600 Sq Ft Facebook WhatsApp Twitter Mail     Share        Your browser does not support the video tag.   Playing 1/1   Call   Abdul Razzaq    Email   Abdul Razzaq    WhatsApp   Abdul Razzaq      Copy Link to this property     Description 2bhk 1600 square feet Store 3bath Balcony Built-in wardrobes Gym Pool Parking    Your browser does not support the video tag.    Playing 1/1  AED 82,000 Massive 2bhk with store in 85k Bur Dubai,  Al Mankhool,  Dubai Location  Apartment Some text Bedrooms(s) 2 Bathrooms(s) 3 Area 1,600 sq .ft Location Bur Dubai  Price      82,000 AED     Description   2bhk 1600 square feet Store 3bath Balcony Built-in wardrobes Gym Pool Parking   Agent Profile    Abdul Razzaq      StowRich Real Estate      ORN Number :   28236      BRN Number :   50439      Permit Number :      6850558000       Trade License Number :   989398   Download our agent portal today!  WhatsApp  Email  Call     Want to Buy or Sell Your  Property?  Want to Buy or Sell Your  Property? ViewIT is the only property portal that exclusively lists video listings on it‚Äôs site. We feel videos offer a more immersive experience for buyers and tenants. Welcome to the future of Real Estate.  Quick Links   - Home   - About Us   - Services -Privacy Policy  - Contact Us    Copyright ¬© 2021 ViewIT. All rights reserved.        Quick Links   -Home   -About Us   -Contact Us -Privacy Policy   Copyright ¬© 2021 ViewIT. All rights reserved.  <noscript  ><iframe   src=""https://www.googletagmanager.com/ns.html?id=GTM-PK98C87""   height=""0""   width=""0""   style=""display: none; visibility: hidden""  ></iframe  ></noscript> "
11,listings 1008,"listings 1008.  View IT | Meadows 2 | Fully Upgraded | Modern Contemporary in The Meadows     Buy    Rent About Us     Back To Search   Dubai    The Meadows      Meadows 2   Meadows 2, The Meadows Meadows 2 | Fully Upgraded | Modern Contemporary AED 7,950,000  Type: Villa Bedrooms: 5 Bathrooms: 5 Size: 3,805 Sq Ft Facebook WhatsApp Twitter Mail      Share           Your browser does not support the video tag.     Meadows 2 / living room Playing 1/4   Call   Rohan Kapur    Email   Rohan Kapur    WhatsApp   Rohan Kapur       Copy Link to this property          ORN Number :     24413         BRN Number :     45669         Permit Number :         6596048000          Trade License Number :     898346     Description -Previously a 5-bed villa has been converted into a 4-bed; the middle room converted into a massive walk-in closet, type 7, single row, vacant Feb 24. Meadows 2, The Meadows Meadows 2 | Fully Upgraded | Modern Contemporary AED 7,950,000  Type: Villa Bedrooms: 5 Bathrooms: 5 Size: 3,805 Sq Ft Facebook WhatsApp Twitter Mail     Share        Your browser does not support the video tag.   Meadows 2 / living room Playing 1/4   Call   Rohan Kapur    Email   Rohan Kapur    WhatsApp   Rohan Kapur      Copy Link to this property     Description -Previously a 5-bed villa has been converted into a 4-bed; the middle room converted into a massive walk-in closet, type 7, single row, vacant Feb 24.    Your browser does not support the video tag.   Meadows 2 / living room Playing 1/4  AED 7,950,000 Meadows 2 | Fully Upgraded | Modern Contemporary The Meadows,  Meadows 2,  Dubai Location  Villa Some text Bedrooms(s) 5 Bathrooms(s) 5 Area 3,805 sq .ft Location The Meadows  Price      7,950,000 AED      Description   -Previously a 5-bed villa has been converted into a 4-bed; the middle room converted into a massive walk-in closet, type 7, single row, vacant Feb 24.  Agent Profile    Rohan Kapur      RealCo      ORN Number :   24413      BRN Number :   45669      Permit Number :      6596048000       Trade License Number :   898346   Mortgage Property Price (AED) Down Payment (Percentage) Loan Duration (Months) Interest Rate  Monthly Installments   Apply  Download our agent portal today!  WhatsApp  Email  Call     Want to Buy or Sell Your  Property?  Want to Buy or Sell Your  Property? ViewIT is the only property portal that exclusively lists video listings on it‚Äôs site. We feel videos offer a more immersive experience for buyers and tenants. Welcome to the future of Real Estate.  Quick Links   - Home   - About Us   - Services -Privacy Policy  - Contact Us    Copyright ¬© 2021 ViewIT. All rights reserved.        Quick Links   -Home   -About Us   -Contact Us -Privacy Policy   Copyright ¬© 2021 ViewIT. All rights reserved.  <noscript  ><iframe   src=""https://www.googletagmanager.com/ns.html?id=GTM-PK98C87""   height=""0""   width=""0""   style=""display: none; visibility: hidden""  ></iframe  ></noscript> "
12,listings 1010,"listings 1010.  View IT | Title: 4years Payment plan|Sea View| Branded Ultra in Dubai Harbour     Buy    Rent About Us     Back To Search   Dubai    Dubai Harbour      EMAAR Beachfront   EMAAR Beachfront, Dubai Harbour Title: 4years Payment plan|Sea View| Branded Ultra AED 2,990,000  Type: Apartment Bedrooms: 1 Bathrooms: 2 Size: 733 Sq Ft Facebook WhatsApp Twitter Mail      Share           Your browser does not support the video tag.     Damac bay 2 Playing 1/1   Call   Homebond Properties    Email   Homebond Properties    WhatsApp   Homebond Properties       Copy Link to this property          ORN Number :     11889         BRN Number :     11889         Permit Number :         1582492450          Trade License Number :     678226     Description DAMAC Bay 2 by Cavalli, Ultra luxury living in Dubai Harbour, with 80/20 Payment plan for 4 years. 20% Down payment. Completion date: January 2028. EMAAR Beachfront, Dubai Harbour Title: 4years Payment plan|Sea View| Branded Ultra AED 2,990,000  Type: Apartment Bedrooms: 1 Bathrooms: 2 Size: 733 Sq Ft Facebook WhatsApp Twitter Mail     Share        Your browser does not support the video tag.   Damac bay 2 Playing 1/1   Call   Homebond Properties    Email   Homebond Properties    WhatsApp   Homebond Properties      Copy Link to this property     Description DAMAC Bay 2 by Cavalli, Ultra luxury living in Dubai Harbour, with 80/20 Payment plan for 4 years. 20% Down payment. Completion date: January 2028.    Your browser does not support the video tag.   Damac bay 2 Playing 1/1  AED 2,990,000 Title: 4years Payment plan|Sea View| Branded Ultra Dubai Harbour,  EMAAR Beachfront,  Dubai Location  Apartment Some text Bedrooms(s) 1 Bathrooms(s) 2 Area 733 sq .ft Location Dubai Harbour  Price      2,990,000 AED      Description   DAMAC Bay 2 by Cavalli, Ultra luxury living in Dubai Harbour, with 80/20 Payment plan for 4 years. 20% Down payment. Completion date: January 2028.   Agent Profile    Homebond Properties      Ultimate Homebond Properties      ORN Number :   11889      BRN Number :   11889      Permit Number :      1582492450       Trade License Number :   678226   Mortgage Property Price (AED) Down Payment (Percentage) Loan Duration (Months) Interest Rate  Monthly Installments   Apply  Download our agent portal today!  WhatsApp  Email  Call     Want to Buy or Sell Your  Property?  Want to Buy or Sell Your  Property? ViewIT is the only property portal that exclusively lists video listings on it‚Äôs site. We feel videos offer a more immersive experience for buyers and tenants. Welcome to the future of Real Estate.  Quick Links   - Home   - About Us   - Services -Privacy Policy  - Contact Us    Copyright ¬© 2021 ViewIT. All rights reserved.        Quick Links   -Home   -About Us   -Contact Us -Privacy Policy   Copyright ¬© 2021 ViewIT. All rights reserved.  <noscript  ><iframe   src=""https://www.googletagmanager.com/ns.html?id=GTM-PK98C87""   height=""0""   width=""0""   style=""display: none; visibility: hidden""  ></iframe  ></noscript> "
13,listings 1011,"listings 1011.  View IT | Best Price for 1bedroom |Ready to move-in| Storage in Motor City     Buy    Rent About Us     Back To Search   Dubai    Motor City      Uptown Motor City   Uptown Motor City, Motor City Best Price for 1bedroom |Ready to move-in| Storage AED 548,520  Type: Apartment Bedrooms: 1 Bathrooms: 2 Size: 818 Sq Ft Facebook WhatsApp Twitter Mail      Share           Your browser does not support the video tag.     Living room & bedroom Playing 1/1   Call   Homebond Properties    Email   Homebond Properties    WhatsApp   Homebond Properties       Copy Link to this property          ORN Number :     11889         BRN Number :     11889         Permit Number :         71170477297          Trade License Number :     678226     Description Best price in the market! Spacious 1bed En-suite for Sale in Motor City Sherlock House 1. Vacant. With storage space and open kitchen layout.¬† Uptown Motor City, Motor City Best Price for 1bedroom |Ready to move-in| Storage AED 548,520  Type: Apartment Bedrooms: 1 Bathrooms: 2 Size: 818 Sq Ft Facebook WhatsApp Twitter Mail     Share        Your browser does not support the video tag.   Living room & bedroom Playing 1/1   Call   Homebond Properties    Email   Homebond Properties    WhatsApp   Homebond Properties      Copy Link to this property     Description Best price in the market! Spacious 1bed En-suite for Sale in Motor City Sherlock House 1. Vacant. With storage space and open kitchen layout.¬†    Your browser does not support the video tag.   Living room & bedroom Playing 1/1  AED 548,520 Best Price for 1bedroom |Ready to move-in| Storage Motor City,  Uptown Motor City,  Dubai Location  Apartment Some text Bedrooms(s) 1 Bathrooms(s) 2 Area 818 sq .ft Location Motor City  Price      548,520 AED      Description   Best price in the market! Spacious 1bed En-suite for Sale in Motor City Sherlock House 1. Vacant. With storage space and open kitchen layout.¬†  Agent Profile    Homebond Properties      Ultimate Homebond Properties      ORN Number :   11889      BRN Number :   11889      Permit Number :      71170477297       Trade License Number :   678226   Mortgage Property Price (AED) Down Payment (Percentage) Loan Duration (Months) Interest Rate  Monthly Installments   Apply  Download our agent portal today!  WhatsApp  Email  Call     Want to Buy or Sell Your  Property?  Want to Buy or Sell Your  Property? ViewIT is the only property portal that exclusively lists video listings on it‚Äôs site. We feel videos offer a more immersive experience for buyers and tenants. Welcome to the future of Real Estate.  Quick Links   - Home   - About Us   - Services -Privacy Policy  - Contact Us    Copyright ¬© 2021 ViewIT. All rights reserved.        Quick Links   -Home   -About Us   -Contact Us -Privacy Policy   Copyright ¬© 2021 ViewIT. All rights reserved.  <noscript  ><iframe   src=""https://www.googletagmanager.com/ns.html?id=GTM-PK98C87""   height=""0""   width=""0""   style=""display: none; visibility: hidden""  ></iframe  ></noscript> "
14,listings 1012,"listings 1012.  View IT | EXCLUSIVE | 3Bed DUPLEX | BEST LAYOUT | BLVD VIEWS in Downtown Dubai     Buy    Rent About Us     Back To Search   Dubai    Downtown Dubai      29 Boulevard   29 Boulevard, Downtown Dubai EXCLUSIVE | 3Bed DUPLEX | BEST LAYOUT | BLVD VIEWS AED 3,500,000  Type: Apartment Bedrooms: 3 Bathrooms: 4 Size: 1,739 Sq Ft Facebook WhatsApp Twitter Mail      Share           Your browser does not support the video tag.     3 bedroom duplex Playing 1/1   Call   Homebond Properties    Email   Homebond Properties    WhatsApp   Homebond Properties       Copy Link to this property          ORN Number :     11889         BRN Number :     11889         Permit Number :         7110088025          Trade License Number :     678226     Description Exclusive 3 bedrooms Duplex in 29 Boulevard. Spacious¬†layout +¬†huge balcony with Boulevard and Burj Khalifa views. It has 2 parking space. 29 Boulevard, Downtown Dubai EXCLUSIVE | 3Bed DUPLEX | BEST LAYOUT | BLVD VIEWS AED 3,500,000  Type: Apartment Bedrooms: 3 Bathrooms: 4 Size: 1,739 Sq Ft Facebook WhatsApp Twitter Mail     Share        Your browser does not support the video tag.   3 bedroom duplex Playing 1/1   Call   Homebond Properties    Email   Homebond Properties    WhatsApp   Homebond Properties      Copy Link to this property     Description Exclusive 3 bedrooms Duplex in 29 Boulevard. Spacious¬†layout +¬†huge balcony with Boulevard and Burj Khalifa views. It has 2 parking space.    Your browser does not support the video tag.   3 bedroom duplex Playing 1/1  AED 3,500,000 EXCLUSIVE | 3Bed DUPLEX | BEST LAYOUT | BLVD VIEWS Downtown Dubai,  29 Boulevard,  Dubai Location  Apartment Some text Bedrooms(s) 3 Bathrooms(s) 4 Area 1,739 sq .ft Location Downtown Dubai  Price      3,500,000 AED      Description   Exclusive 3 bedrooms Duplex in 29 Boulevard. Spacious¬†layout +¬†huge balcony with Boulevard and Burj Khalifa views. It has 2 parking space.  Agent Profile    Homebond Properties      Ultimate Homebond Properties      ORN Number :   11889      BRN Number :   11889      Permit Number :      7110088025       Trade License Number :   678226   Mortgage Property Price (AED) Down Payment (Percentage) Loan Duration (Months) Interest Rate  Monthly Installments   Apply  Download our agent portal today!  WhatsApp  Email  Call     Want to Buy or Sell Your  Property?  Want to Buy or Sell Your  Property? ViewIT is the only property portal that exclusively lists video listings on it‚Äôs site. We feel videos offer a more immersive experience for buyers and tenants. Welcome to the future of Real Estate.  Quick Links   - Home   - About Us   - Services -Privacy Policy  - Contact Us    Copyright ¬© 2021 ViewIT. All rights reserved.        Quick Links   -Home   -About Us   -Contact Us -Privacy Policy   Copyright ¬© 2021 ViewIT. All rights reserved.  <noscript  ><iframe   src=""https://www.googletagmanager.com/ns.html?id=GTM-PK98C87""   height=""0""   width=""0""   style=""display: none; visibility: hidden""  ></iframe  ></noscript> "
15,listings 1013,"listings 1013.  View IT | Luxury Living |Burj and Fountain Views | Furnished in Downtown Dubai     Buy    Rent About Us     Back To Search   Dubai    Downtown Dubai      The Address Dubai Mall   The Address Dubai Mall, Downtown Dubai Luxury Living |Burj and Fountain Views | Furnished AED 5,600,000  Type: Apartment Bedrooms: 2 Bathrooms: 3 Size: 1,458 Sq Ft Facebook WhatsApp Twitter Mail      Share           Your browser does not support the video tag.     Bedrooms, living room & Burj Khalifa üòç Playing 1/1   Call   Homebond Properties    Email   Homebond Properties    WhatsApp   Homebond Properties       Copy Link to this property          ORN Number :     11889         BRN Number :     11889         Permit Number :         7142743550          Trade License Number :     678226     Description Luxury 2 Bedroom Apartment in The Address Dubai Mall with Full Burj Khalifa and Fountain views. Fully furnished and Ready to move-in. The Address Dubai Mall, Downtown Dubai Luxury Living |Burj and Fountain Views | Furnished AED 5,600,000  Type: Apartment Bedrooms: 2 Bathrooms: 3 Size: 1,458 Sq Ft Facebook WhatsApp Twitter Mail     Share        Your browser does not support the video tag.   Bedrooms, living room & Burj Khalifa üòç Playing 1/1   Call   Homebond Properties    Email   Homebond Properties    WhatsApp   Homebond Properties      Copy Link to this property     Description Luxury 2 Bedroom Apartment in The Address Dubai Mall with Full Burj Khalifa and Fountain views. Fully furnished and Ready to move-in.    Your browser does not support the video tag.   Bedrooms, living room & Burj Khalifa üòç Playing 1/1  AED 5,600,000 Luxury Living |Burj and Fountain Views | Furnished Downtown Dubai,  The Address Dubai Mall,  Dubai Location  Apartment Some text Bedrooms(s) 2 Bathrooms(s) 3 Area 1,458 sq .ft Location Downtown Dubai  Price      5,600,000 AED      Description   Luxury 2 Bedroom Apartment in The Address Dubai Mall with Full Burj Khalifa and Fountain views. Fully furnished and Ready to move-in.  Agent Profile    Homebond Properties      Ultimate Homebond Properties      ORN Number :   11889      BRN Number :   11889      Permit Number :      7142743550       Trade License Number :   678226   Mortgage Property Price (AED) Down Payment (Percentage) Loan Duration (Months) Interest Rate  Monthly Installments   Apply  Download our agent portal today!  WhatsApp  Email  Call     Want to Buy or Sell Your  Property?  Want to Buy or Sell Your  Property? ViewIT is the only property portal that exclusively lists video listings on it‚Äôs site. We feel videos offer a more immersive experience for buyers and tenants. Welcome to the future of Real Estate.  Quick Links   - Home   - About Us   - Services -Privacy Policy  - Contact Us    Copyright ¬© 2021 ViewIT. All rights reserved.        Quick Links   -Home   -About Us   -Contact Us -Privacy Policy   Copyright ¬© 2021 ViewIT. All rights reserved.  <noscript  ><iframe   src=""https://www.googletagmanager.com/ns.html?id=GTM-PK98C87""   height=""0""   width=""0""   style=""display: none; visibility: hidden""  ></iframe  ></noscript> "
16,listings 1014,"listings 1014.  View IT | Stunning Garden l Single Row l Regional | Pvt Pool in Jumeirah Park     Buy    Rent About Us     Back To Search   Dubai    Jumeirah Park      Regional   Regional, Jumeirah Park Stunning Garden l Single Row l Regional | Pvt Pool AED 4,800,000  Type: Villa Bedrooms: 3 Bathrooms: 4 Size: 3,063 Sq Ft Facebook WhatsApp Twitter Mail      Share           Your browser does not support the video tag.     Pool, garden, living room Playing 1/2   Call   Umer Ali    Email   Umer Ali    WhatsApp   Umer Ali       Copy Link to this property          ORN Number :     24413         BRN Number :     45668         Permit Number :         6513025800          Trade License Number :     898346     Description An upgraded regional Jumeirah Park villa with a private pool, 3 spacious bedrooms, a large kitchen, a maids room and a dining room & living room. Regional, Jumeirah Park Stunning Garden l Single Row l Regional | Pvt Pool AED 4,800,000  Type: Villa Bedrooms: 3 Bathrooms: 4 Size: 3,063 Sq Ft Facebook WhatsApp Twitter Mail     Share        Your browser does not support the video tag.   Pool, garden, living room Playing 1/2   Call   Umer Ali    Email   Umer Ali    WhatsApp   Umer Ali      Copy Link to this property     Description An upgraded regional Jumeirah Park villa with a private pool, 3 spacious bedrooms, a large kitchen, a maids room and a dining room & living room.    Your browser does not support the video tag.   Pool, garden, living room Playing 1/2  AED 4,800,000 Stunning Garden l Single Row l Regional | Pvt Pool Jumeirah Park,  Regional,  Dubai Location  Villa Some text Bedrooms(s) 3 Bathrooms(s) 4 Area 3,063 sq .ft Location Jumeirah Park  Price      4,800,000 AED      Description   An upgraded regional Jumeirah Park villa with a private pool, 3 spacious bedrooms, a large kitchen, a maids room and a dining room & living room.   Agent Profile    Umer Ali      RealCo Capital      ORN Number :   24413      BRN Number :   45668      Permit Number :      6513025800       Trade License Number :   898346   Mortgage Property Price (AED) Down Payment (Percentage) Loan Duration (Months) Interest Rate  Monthly Installments   Apply  Download our agent portal today!  WhatsApp  Email  Call     Want to Buy or Sell Your  Property?  Want to Buy or Sell Your  Property? ViewIT is the only property portal that exclusively lists video listings on it‚Äôs site. We feel videos offer a more immersive experience for buyers and tenants. Welcome to the future of Real Estate.  Quick Links   - Home   - About Us   - Services -Privacy Policy  - Contact Us    Copyright ¬© 2021 ViewIT. All rights reserved.        Quick Links   -Home   -About Us   -Contact Us -Privacy Policy   Copyright ¬© 2021 ViewIT. All rights reserved.  <noscript  ><iframe   src=""https://www.googletagmanager.com/ns.html?id=GTM-PK98C87""   height=""0""   width=""0""   style=""display: none; visibility: hidden""  ></iframe  ></noscript> "
17,listings location=29%20Boulevard,"listings location=29%20Boulevard.  View IT Search For Properties     Buy    Rent About Us  Viewings made  easy    Buy    Rent      ViewIT      Min Rent    20,000    30,000    40,000    50,000    60,000    70,000    80,000    90,000    100,000    110,000    120,000    130,000    140,000    150,000    160,000    170,000    180,000    190,000    200,000    225,000    250,000    275,000    300,000    350,000    400,000    500,000    750,000    1,000,000     Max Rent    20,000    30,000    40,000    50,000    60,000    70,000    80,000    90,000    100,000    110,000    120,000    130,000    140,000    150,000    160,000    170,000    180,000    190,000    200,000    225,000    250,000    275,000    300,000    350,000    400,000    500,000    750,000    1,000,000     Min. Beds    1    2    3    4    5    6     ViewIT   Dubai Properties in 29 Boulevard  No listings found      Want to Buy or Sell Your  Property?  Want to Buy or Sell Your  Property? ViewIT is the only property portal that exclusively lists video listings on it‚Äôs site. We feel videos offer a more immersive experience for buyers and tenants. Welcome to the future of Real Estate.  Quick Links   - Home   - About Us   - Services -Privacy Policy  - Contact Us    Copyright ¬© 2021 ViewIT. All rights reserved.        Quick Links   -Home   -About Us   -Contact Us -Privacy Policy   Copyright ¬© 2021 ViewIT. All rights reserved.  <noscript  ><iframe   src=""https://www.googletagmanager.com/ns.html?id=GTM-PK98C87""   height=""0""   width=""0""   style=""display: none; visibility: hidden""  ></iframe  ></noscript> "
18,listings location=Al%20Mankhool,"listings location=Al%20Mankhool.  View IT Search For Properties     Buy    Rent About Us  Viewings made  easy    Buy    Rent      ViewIT      Min Rent    20,000    30,000    40,000    50,000    60,000    70,000    80,000    90,000    100,000    110,000    120,000    130,000    140,000    150,000    160,000    170,000    180,000    190,000    200,000    225,000    250,000    275,000    300,000    350,000    400,000    500,000    750,000    1,000,000     Max Rent    20,000    30,000    40,000    50,000    60,000    70,000    80,000    90,000    100,000    110,000    120,000    130,000    140,000    150,000    160,000    170,000    180,000    190,000    200,000    225,000    250,000    275,000    300,000    350,000    400,000    500,000    750,000    1,000,000     Min. Beds    1    2    3    4    5    6     ViewIT   Dubai Properties in Al Mankhool  No listings found      Want to Buy or Sell Your  Property?  Want to Buy or Sell Your  Property? ViewIT is the only property portal that exclusively lists video listings on it‚Äôs site. We feel videos offer a more immersive experience for buyers and tenants. Welcome to the future of Real Estate.  Quick Links   - Home   - About Us   - Services -Privacy Policy  - Contact Us    Copyright ¬© 2021 ViewIT. All rights reserved.        Quick Links   -Home   -About Us   -Contact Us -Privacy Policy   Copyright ¬© 2021 ViewIT. All rights reserved.  <noscript  ><iframe   src=""https://www.googletagmanager.com/ns.html?id=GTM-PK98C87""   height=""0""   width=""0""   style=""display: none; visibility: hidden""  ></iframe  ></noscript> "
19,listings location=Bur%20Dubai,"listings location=Bur%20Dubai.  View IT Search For Properties     Buy    Rent About Us  Viewings made  easy    Buy    Rent      ViewIT      Min Rent    20,000    30,000    40,000    50,000    60,000    70,000    80,000    90,000    100,000    110,000    120,000    130,000    140,000    150,000    160,000    170,000    180,000    190,000    200,000    225,000    250,000    275,000    300,000    350,000    400,000    500,000    750,000    1,000,000     Max Rent    20,000    30,000    40,000    50,000    60,000    70,000    80,000    90,000    100,000    110,000    120,000    130,000    140,000    150,000    160,000    170,000    180,000    190,000    200,000    225,000    250,000    275,000    300,000    350,000    400,000    500,000    750,000    1,000,000     Min. Beds    1    2    3    4    5    6     ViewIT   Dubai Properties in Bur Dubai  No listings found      Want to Buy or Sell Your  Property?  Want to Buy or Sell Your  Property? ViewIT is the only property portal that exclusively lists video listings on it‚Äôs site. We feel videos offer a more immersive experience for buyers and tenants. Welcome to the future of Real Estate.  Quick Links   - Home   - About Us   - Services -Privacy Policy  - Contact Us    Copyright ¬© 2021 ViewIT. All rights reserved.        Quick Links   -Home   -About Us   -Contact Us -Privacy Policy   Copyright ¬© 2021 ViewIT. All rights reserved.  <noscript  ><iframe   src=""https://www.googletagmanager.com/ns.html?id=GTM-PK98C87""   height=""0""   width=""0""   style=""display: none; visibility: hidden""  ></iframe  ></noscript> "
20,listings location=Crystal%20Residence,"listings location=Crystal%20Residence.  View IT Search For Properties     Buy    Rent About Us  Viewings made  easy    Buy    Rent      ViewIT      Min Rent    20,000    30,000    40,000    50,000    60,000    70,000    80,000    90,000    100,000    110,000    120,000    130,000    140,000    150,000    160,000    170,000    180,000    190,000    200,000    225,000    250,000    275,000    300,000    350,000    400,000    500,000    750,000    1,000,000     Max Rent    20,000    30,000    40,000    50,000    60,000    70,000    80,000    90,000    100,000    110,000    120,000    130,000    140,000    150,000    160,000    170,000    180,000    190,000    200,000    225,000    250,000    275,000    300,000    350,000    400,000    500,000    750,000    1,000,000     Min. Beds    1    2    3    4    5    6     ViewIT   Dubai Properties in Crystal Residence  No listings found      Want to Buy or Sell Your  Property?  Want to Buy or Sell Your  Property? ViewIT is the only property portal that exclusively lists video listings on it‚Äôs site. We feel videos offer a more immersive experience for buyers and tenants. Welcome to the future of Real Estate.  Quick Links   - Home   - About Us   - Services -Privacy Policy  - Contact Us    Copyright ¬© 2021 ViewIT. All rights reserved.        Quick Links   -Home   -About Us   -Contact Us -Privacy Policy   Copyright ¬© 2021 ViewIT. All rights reserved.  <noscript  ><iframe   src=""https://www.googletagmanager.com/ns.html?id=GTM-PK98C87""   height=""0""   width=""0""   style=""display: none; visibility: hidden""  ></iframe  ></noscript> "
21,listings location=DAMAC%20Hills%20%28Akoya%20by%20DAMAC%29,"listings location=DAMAC%20Hills%20%28Akoya%20by%20DAMAC%29.  View IT Search For Properties     Buy    Rent About Us  Viewings made  easy    Buy    Rent      ViewIT      Min Rent    20,000    30,000    40,000    50,000    60,000    70,000    80,000    90,000    100,000    110,000    120,000    130,000    140,000    150,000    160,000    170,000    180,000    190,000    200,000    225,000    250,000    275,000    300,000    350,000    400,000    500,000    750,000    1,000,000     Max Rent    20,000    30,000    40,000    50,000    60,000    70,000    80,000    90,000    100,000    110,000    120,000    130,000    140,000    150,000    160,000    170,000    180,000    190,000    200,000    225,000    250,000    275,000    300,000    350,000    400,000    500,000    750,000    1,000,000     Min. Beds    1    2    3    4    5    6     ViewIT   Dubai Properties in DAMAC Hills (Akoya by DAMAC)  No listings found      Want to Buy or Sell Your  Property?  Want to Buy or Sell Your  Property? ViewIT is the only property portal that exclusively lists video listings on it‚Äôs site. We feel videos offer a more immersive experience for buyers and tenants. Welcome to the future of Real Estate.  Quick Links   - Home   - About Us   - Services -Privacy Policy  - Contact Us    Copyright ¬© 2021 ViewIT. All rights reserved.        Quick Links   -Home   -About Us   -Contact Us -Privacy Policy   Copyright ¬© 2021 ViewIT. All rights reserved.  <noscript  ><iframe   src=""https://www.googletagmanager.com/ns.html?id=GTM-PK98C87""   height=""0""   width=""0""   style=""display: none; visibility: hidden""  ></iframe  ></noscript> "
22,listings location=Diamond%20Views,"listings location=Diamond%20Views.  View IT Search For Properties     Buy    Rent About Us  Viewings made  easy    Buy    Rent      ViewIT      Min Rent    20,000    30,000    40,000    50,000    60,000    70,000    80,000    90,000    100,000    110,000    120,000    130,000    140,000    150,000    160,000    170,000    180,000    190,000    200,000    225,000    250,000    275,000    300,000    350,000    400,000    500,000    750,000    1,000,000     Max Rent    20,000    30,000    40,000    50,000    60,000    70,000    80,000    90,000    100,000    110,000    120,000    130,000    140,000    150,000    160,000    170,000    180,000    190,000    200,000    225,000    250,000    275,000    300,000    350,000    400,000    500,000    750,000    1,000,000     Min. Beds    1    2    3    4    5    6     ViewIT   Dubai Properties in Diamond Views  No listings found      Want to Buy or Sell Your  Property?  Want to Buy or Sell Your  Property? ViewIT is the only property portal that exclusively lists video listings on it‚Äôs site. We feel videos offer a more immersive experience for buyers and tenants. Welcome to the future of Real Estate.  Quick Links   - Home   - About Us   - Services -Privacy Policy  - Contact Us    Copyright ¬© 2021 ViewIT. All rights reserved.        Quick Links   -Home   -About Us   -Contact Us -Privacy Policy   Copyright ¬© 2021 ViewIT. All rights reserved.  <noscript  ><iframe   src=""https://www.googletagmanager.com/ns.html?id=GTM-PK98C87""   height=""0""   width=""0""   style=""display: none; visibility: hidden""  ></iframe  ></noscript> "
23,listings location=Downtown%20Dubai,"listings location=Downtown%20Dubai.  View IT Search For Properties     Buy    Rent About Us  Viewings made  easy    Buy    Rent      ViewIT      Min Rent    20,000    30,000    40,000    50,000    60,000    70,000    80,000    90,000    100,000    110,000    120,000    130,000    140,000    150,000    160,000    170,000    180,000    190,000    200,000    225,000    250,000    275,000    300,000    350,000    400,000    500,000    750,000    1,000,000     Max Rent    20,000    30,000    40,000    50,000    60,000    70,000    80,000    90,000    100,000    110,000    120,000    130,000    140,000    150,000    160,000    170,000    180,000    190,000    200,000    225,000    250,000    275,000    300,000    350,000    400,000    500,000    750,000    1,000,000     Min. Beds    1    2    3    4    5    6     ViewIT   Dubai Properties in Downtown Dubai  No listings found      Want to Buy or Sell Your  Property?  Want to Buy or Sell Your  Property? ViewIT is the only property portal that exclusively lists video listings on it‚Äôs site. We feel videos offer a more immersive experience for buyers and tenants. Welcome to the future of Real Estate.  Quick Links   - Home   - About Us   - Services -Privacy Policy  - Contact Us    Copyright ¬© 2021 ViewIT. All rights reserved.        Quick Links   -Home   -About Us   -Contact Us -Privacy Policy   Copyright ¬© 2021 ViewIT. All rights reserved.  <noscript  ><iframe   src=""https://www.googletagmanager.com/ns.html?id=GTM-PK98C87""   height=""0""   width=""0""   style=""display: none; visibility: hidden""  ></iframe  ></noscript> "
24,listings location=Dubai%20Harbour,"listings location=Dubai%20Harbour.  View IT Search For Properties     Buy    Rent About Us  Viewings made  easy    Buy    Rent      ViewIT      Min Rent    20,000    30,000    40,000    50,000    60,000    70,000    80,000    90,000    100,000    110,000    120,000    130,000    140,000    150,000    160,000    170,000    180,000    190,000    200,000    225,000    250,000    275,000    300,000    350,000    400,000    500,000    750,000    1,000,000     Max Rent    20,000    30,000    40,000    50,000    60,000    70,000    80,000    90,000    100,000    110,000    120,000    130,000    140,000    150,000    160,000    170,000    180,000    190,000    200,000    225,000    250,000    275,000    300,000    350,000    400,000    500,000    750,000    1,000,000     Min. Beds    1    2    3    4    5    6     ViewIT   Dubai Properties in Dubai Harbour  No listings found      Want to Buy or Sell Your  Property?  Want to Buy or Sell Your  Property? ViewIT is the only property portal that exclusively lists video listings on it‚Äôs site. We feel videos offer a more immersive experience for buyers and tenants. Welcome to the future of Real Estate.  Quick Links   - Home   - About Us   - Services -Privacy Policy  - Contact Us    Copyright ¬© 2021 ViewIT. All rights reserved.        Quick Links   -Home   -About Us   -Contact Us -Privacy Policy   Copyright ¬© 2021 ViewIT. All rights reserved.  <noscript  ><iframe   src=""https://www.googletagmanager.com/ns.html?id=GTM-PK98C87""   height=""0""   width=""0""   style=""display: none; visibility: hidden""  ></iframe  ></noscript> "
25,listings location=Dubai%20Marina,"listings location=Dubai%20Marina.  View IT Search For Properties     Buy    Rent About Us  Viewings made  easy    Buy    Rent      ViewIT      Min Rent    20,000    30,000    40,000    50,000    60,000    70,000    80,000    90,000    100,000    110,000    120,000    130,000    140,000    150,000    160,000    170,000    180,000    190,000    200,000    225,000    250,000    275,000    300,000    350,000    400,000    500,000    750,000    1,000,000     Max Rent    20,000    30,000    40,000    50,000    60,000    70,000    80,000    90,000    100,000    110,000    120,000    130,000    140,000    150,000    160,000    170,000    180,000    190,000    200,000    225,000    250,000    275,000    300,000    350,000    400,000    500,000    750,000    1,000,000     Min. Beds    1    2    3    4    5    6     ViewIT   Dubai Properties in Dubai Marina  No listings found      Want to Buy or Sell Your  Property?  Want to Buy or Sell Your  Property? ViewIT is the only property portal that exclusively lists video listings on it‚Äôs site. We feel videos offer a more immersive experience for buyers and tenants. Welcome to the future of Real Estate.  Quick Links   - Home   - About Us   - Services -Privacy Policy  - Contact Us    Copyright ¬© 2021 ViewIT. All rights reserved.        Quick Links   -Home   -About Us   -Contact Us -Privacy Policy   Copyright ¬© 2021 ViewIT. All rights reserved.  <noscript  ><iframe   src=""https://www.googletagmanager.com/ns.html?id=GTM-PK98C87""   height=""0""   width=""0""   style=""display: none; visibility: hidden""  ></iframe  ></noscript> "
26,listings location=Dubai,"listings location=Dubai.  View IT Search For Properties     Buy    Rent About Us  Viewings made  easy    Buy    Rent      ViewIT      Min Rent    20,000    30,000    40,000    50,000    60,000    70,000    80,000    90,000    100,000    110,000    120,000    130,000    140,000    150,000    160,000    170,000    180,000    190,000    200,000    225,000    250,000    275,000    300,000    350,000    400,000    500,000    750,000    1,000,000     Max Rent    20,000    30,000    40,000    50,000    60,000    70,000    80,000    90,000    100,000    110,000    120,000    130,000    140,000    150,000    160,000    170,000    180,000    190,000    200,000    225,000    250,000    275,000    300,000    350,000    400,000    500,000    750,000    1,000,000     Min. Beds    1    2    3    4    5    6     ViewIT   Dubai Properties in Dubai  No listings found      Want to Buy or Sell Your  Property?  Want to Buy or Sell Your  Property? ViewIT is the only property portal that exclusively lists video listings on it‚Äôs site. We feel videos offer a more immersive experience for buyers and tenants. Welcome to the future of Real Estate.  Quick Links   - Home   - About Us   - Services -Privacy Policy  - Contact Us    Copyright ¬© 2021 ViewIT. All rights reserved.        Quick Links   -Home   -About Us   -Contact Us -Privacy Policy   Copyright ¬© 2021 ViewIT. All rights reserved.  <noscript  ><iframe   src=""https://www.googletagmanager.com/ns.html?id=GTM-PK98C87""   height=""0""   width=""0""   style=""display: none; visibility: hidden""  ></iframe  ></noscript> "
27,listings location=Dusit%20Princess%20Residence,"listings location=Dusit%20Princess%20Residence.  View IT Search For Properties     Buy    Rent About Us  Viewings made  easy    Buy    Rent      ViewIT      Min Rent    20,000    30,000    40,000    50,000    60,000    70,000    80,000    90,000    100,000    110,000    120,000    130,000    140,000    150,000    160,000    170,000    180,000    190,000    200,000    225,000    250,000    275,000    300,000    350,000    400,000    500,000    750,000    1,000,000     Max Rent    20,000    30,000    40,000    50,000    60,000    70,000    80,000    90,000    100,000    110,000    120,000    130,000    140,000    150,000    160,000    170,000    180,000    190,000    200,000    225,000    250,000    275,000    300,000    350,000    400,000    500,000    750,000    1,000,000     Min. Beds    1    2    3    4    5    6     ViewIT   Dubai Properties in Dusit Princess Residence  No listings found      Want to Buy or Sell Your  Property?  Want to Buy or Sell Your  Property? ViewIT is the only property portal that exclusively lists video listings on it‚Äôs site. We feel videos offer a more immersive experience for buyers and tenants. Welcome to the future of Real Estate.  Quick Links   - Home   - About Us   - Services -Privacy Policy  - Contact Us    Copyright ¬© 2021 ViewIT. All rights reserved.        Quick Links   -Home   -About Us   -Contact Us -Privacy Policy   Copyright ¬© 2021 ViewIT. All rights reserved.  <noscript  ><iframe   src=""https://www.googletagmanager.com/ns.html?id=GTM-PK98C87""   height=""0""   width=""0""   style=""display: none; visibility: hidden""  ></iframe  ></noscript> "
28,listings location=EMAAR%20Beachfront,"listings location=EMAAR%20Beachfront.  View IT Search For Properties     Buy    Rent About Us  Viewings made  easy    Buy    Rent      ViewIT      Min Rent    20,000    30,000    40,000    50,000    60,000    70,000    80,000    90,000    100,000    110,000    120,000    130,000    140,000    150,000    160,000    170,000    180,000    190,000    200,000    225,000    250,000    275,000    300,000    350,000    400,000    500,000    750,000    1,000,000     Max Rent    20,000    30,000    40,000    50,000    60,000    70,000    80,000    90,000    100,000    110,000    120,000    130,000    140,000    150,000    160,000    170,000    180,000    190,000    200,000    225,000    250,000    275,000    300,000    350,000    400,000    500,000    750,000    1,000,000     Min. Beds    1    2    3    4    5    6     ViewIT   Dubai Properties in EMAAR Beachfront  No listings found      Want to Buy or Sell Your  Property?  Want to Buy or Sell Your  Property? ViewIT is the only property portal that exclusively lists video listings on it‚Äôs site. We feel videos offer a more immersive experience for buyers and tenants. Welcome to the future of Real Estate.  Quick Links   - Home   - About Us   - Services -Privacy Policy  - Contact Us    Copyright ¬© 2021 ViewIT. All rights reserved.        Quick Links   -Home   -About Us   -Contact Us -Privacy Policy   Copyright ¬© 2021 ViewIT. All rights reserved.  <noscript  ><iframe   src=""https://www.googletagmanager.com/ns.html?id=GTM-PK98C87""   height=""0""   width=""0""   style=""display: none; visibility: hidden""  ></iframe  ></noscript> "
29,listings location=IMPZ,"listings location=IMPZ.  View IT Search For Properties     Buy    Rent About Us  Viewings made  easy    Buy    Rent      ViewIT      Min Rent    20,000    30,000    40,000    50,000    60,000    70,000    80,000    90,000    100,000    110,000    120,000    130,000    140,000    150,000    160,000    170,000    180,000    190,000    200,000    225,000    250,000    275,000    300,000    350,000    400,000    500,000    750,000    1,000,000     Max Rent    20,000    30,000    40,000    50,000    60,000    70,000    80,000    90,000    100,000    110,000    120,000    130,000    140,000    150,000    160,000    170,000    180,000    190,000    200,000    225,000    250,000    275,000    300,000    350,000    400,000    500,000    750,000    1,000,000     Min. Beds    1    2    3    4    5    6     ViewIT   Dubai Properties in IMPZ  No listings found      Want to Buy or Sell Your  Property?  Want to Buy or Sell Your  Property? ViewIT is the only property portal that exclusively lists video listings on it‚Äôs site. We feel videos offer a more immersive experience for buyers and tenants. Welcome to the future of Real Estate.  Quick Links   - Home   - About Us   - Services -Privacy Policy  - Contact Us    Copyright ¬© 2021 ViewIT. All rights reserved.        Quick Links   -Home   -About Us   -Contact Us -Privacy Policy   Copyright ¬© 2021 ViewIT. All rights reserved.  <noscript  ><iframe   src=""https://www.googletagmanager.com/ns.html?id=GTM-PK98C87""   height=""0""   width=""0""   style=""display: none; visibility: hidden""  ></iframe  ></noscript> "
30,listings location=Jumeirah%20Park,"listings location=Jumeirah%20Park.  View IT Search For Properties     Buy    Rent About Us  Viewings made  easy    Buy    Rent      ViewIT      Min Rent    20,000    30,000    40,000    50,000    60,000    70,000    80,000    90,000    100,000    110,000    120,000    130,000    140,000    150,000    160,000    170,000    180,000    190,000    200,000    225,000    250,000    275,000    300,000    350,000    400,000    500,000    750,000    1,000,000     Max Rent    20,000    30,000    40,000    50,000    60,000    70,000    80,000    90,000    100,000    110,000    120,000    130,000    140,000    150,000    160,000    170,000    180,000    190,000    200,000    225,000    250,000    275,000    300,000    350,000    400,000    500,000    750,000    1,000,000     Min. Beds    1    2    3    4    5    6     ViewIT   Dubai Properties in Jumeirah Park  No listings found      Want to Buy or Sell Your  Property?  Want to Buy or Sell Your  Property? ViewIT is the only property portal that exclusively lists video listings on it‚Äôs site. We feel videos offer a more immersive experience for buyers and tenants. Welcome to the future of Real Estate.  Quick Links   - Home   - About Us   - Services -Privacy Policy  - Contact Us    Copyright ¬© 2021 ViewIT. All rights reserved.        Quick Links   -Home   -About Us   -Contact Us -Privacy Policy   Copyright ¬© 2021 ViewIT. All rights reserved.  <noscript  ><iframe   src=""https://www.googletagmanager.com/ns.html?id=GTM-PK98C87""   height=""0""   width=""0""   style=""display: none; visibility: hidden""  ></iframe  ></noscript> "
31,listings location=Jumeirah%20Village%20Circle,"listings location=Jumeirah%20Village%20Circle.  View IT Search For Properties     Buy    Rent About Us  Viewings made  easy    Buy    Rent      ViewIT      Min Rent    20,000    30,000    40,000    50,000    60,000    70,000    80,000    90,000    100,000    110,000    120,000    130,000    140,000    150,000    160,000    170,000    180,000    190,000    200,000    225,000    250,000    275,000    300,000    350,000    400,000    500,000    750,000    1,000,000     Max Rent    20,000    30,000    40,000    50,000    60,000    70,000    80,000    90,000    100,000    110,000    120,000    130,000    140,000    150,000    160,000    170,000    180,000    190,000    200,000    225,000    250,000    275,000    300,000    350,000    400,000    500,000    750,000    1,000,000     Min. Beds    1    2    3    4    5    6     ViewIT   Dubai Properties in Jumeirah Village Circle  No listings found      Want to Buy or Sell Your  Property?  Want to Buy or Sell Your  Property? ViewIT is the only property portal that exclusively lists video listings on it‚Äôs site. We feel videos offer a more immersive experience for buyers and tenants. Welcome to the future of Real Estate.  Quick Links   - Home   - About Us   - Services -Privacy Policy  - Contact Us    Copyright ¬© 2021 ViewIT. All rights reserved.        Quick Links   -Home   -About Us   -Contact Us -Privacy Policy   Copyright ¬© 2021 ViewIT. All rights reserved.  <noscript  ><iframe   src=""https://www.googletagmanager.com/ns.html?id=GTM-PK98C87""   height=""0""   width=""0""   style=""display: none; visibility: hidden""  ></iframe  ></noscript> "
32,listings location=Meadows%202,"listings location=Meadows%202.  View IT Search For Properties     Buy    Rent About Us  Viewings made  easy    Buy    Rent      ViewIT      Min Rent    20,000    30,000    40,000    50,000    60,000    70,000    80,000    90,000    100,000    110,000    120,000    130,000    140,000    150,000    160,000    170,000    180,000    190,000    200,000    225,000    250,000    275,000    300,000    350,000    400,000    500,000    750,000    1,000,000     Max Rent    20,000    30,000    40,000    50,000    60,000    70,000    80,000    90,000    100,000    110,000    120,000    130,000    140,000    150,000    160,000    170,000    180,000    190,000    200,000    225,000    250,000    275,000    300,000    350,000    400,000    500,000    750,000    1,000,000     Min. Beds    1    2    3    4    5    6     ViewIT   Dubai Properties in Meadows 2  No listings found      Want to Buy or Sell Your  Property?  Want to Buy or Sell Your  Property? ViewIT is the only property portal that exclusively lists video listings on it‚Äôs site. We feel videos offer a more immersive experience for buyers and tenants. Welcome to the future of Real Estate.  Quick Links   - Home   - About Us   - Services -Privacy Policy  - Contact Us    Copyright ¬© 2021 ViewIT. All rights reserved.        Quick Links   -Home   -About Us   -Contact Us -Privacy Policy   Copyright ¬© 2021 ViewIT. All rights reserved.  <noscript  ><iframe   src=""https://www.googletagmanager.com/ns.html?id=GTM-PK98C87""   height=""0""   width=""0""   style=""display: none; visibility: hidden""  ></iframe  ></noscript> "
33,listings location=Motor%20City,"listings location=Motor%20City.  View IT Search For Properties     Buy    Rent About Us  Viewings made  easy    Buy    Rent      ViewIT      Min Rent    20,000    30,000    40,000    50,000    60,000    70,000    80,000    90,000    100,000    110,000    120,000    130,000    140,000    150,000    160,000    170,000    180,000    190,000    200,000    225,000    250,000    275,000    300,000    350,000    400,000    500,000    750,000    1,000,000     Max Rent    20,000    30,000    40,000    50,000    60,000    70,000    80,000    90,000    100,000    110,000    120,000    130,000    140,000    150,000    160,000    170,000    180,000    190,000    200,000    225,000    250,000    275,000    300,000    350,000    400,000    500,000    750,000    1,000,000     Min. Beds    1    2    3    4    5    6     ViewIT   Dubai Properties in Motor City  No listings found      Want to Buy or Sell Your  Property?  Want to Buy or Sell Your  Property? ViewIT is the only property portal that exclusively lists video listings on it‚Äôs site. We feel videos offer a more immersive experience for buyers and tenants. Welcome to the future of Real Estate.  Quick Links   - Home   - About Us   - Services -Privacy Policy  - Contact Us    Copyright ¬© 2021 ViewIT. All rights reserved.        Quick Links   -Home   -About Us   -Contact Us -Privacy Policy   Copyright ¬© 2021 ViewIT. All rights reserved.  <noscript  ><iframe   src=""https://www.googletagmanager.com/ns.html?id=GTM-PK98C87""   height=""0""   width=""0""   style=""display: none; visibility: hidden""  ></iframe  ></noscript> "
34,listings location=Oakwood%20Residency,"listings location=Oakwood%20Residency.  View IT Search For Properties     Buy    Rent About Us  Viewings made  easy    Buy    Rent      ViewIT      Min Rent    20,000    30,000    40,000    50,000    60,000    70,000    80,000    90,000    100,000    110,000    120,000    130,000    140,000    150,000    160,000    170,000    180,000    190,000    200,000    225,000    250,000    275,000    300,000    350,000    400,000    500,000    750,000    1,000,000     Max Rent    20,000    30,000    40,000    50,000    60,000    70,000    80,000    90,000    100,000    110,000    120,000    130,000    140,000    150,000    160,000    170,000    180,000    190,000    200,000    225,000    250,000    275,000    300,000    350,000    400,000    500,000    750,000    1,000,000     Min. Beds    1    2    3    4    5    6     ViewIT   Dubai Properties in Oakwood Residency  No listings found      Want to Buy or Sell Your  Property?  Want to Buy or Sell Your  Property? ViewIT is the only property portal that exclusively lists video listings on it‚Äôs site. We feel videos offer a more immersive experience for buyers and tenants. Welcome to the future of Real Estate.  Quick Links   - Home   - About Us   - Services -Privacy Policy  - Contact Us    Copyright ¬© 2021 ViewIT. All rights reserved.        Quick Links   -Home   -About Us   -Contact Us -Privacy Policy   Copyright ¬© 2021 ViewIT. All rights reserved.  <noscript  ><iframe   src=""https://www.googletagmanager.com/ns.html?id=GTM-PK98C87""   height=""0""   width=""0""   style=""display: none; visibility: hidden""  ></iframe  ></noscript> "
35,listings location=Regional,"listings location=Regional.  View IT Search For Properties     Buy    Rent About Us  Viewings made  easy    Buy    Rent      ViewIT      Min Rent    20,000    30,000    40,000    50,000    60,000    70,000    80,000    90,000    100,000    110,000    120,000    130,000    140,000    150,000    160,000    170,000    180,000    190,000    200,000    225,000    250,000    275,000    300,000    350,000    400,000    500,000    750,000    1,000,000     Max Rent    20,000    30,000    40,000    50,000    60,000    70,000    80,000    90,000    100,000    110,000    120,000    130,000    140,000    150,000    160,000    170,000    180,000    190,000    200,000    225,000    250,000    275,000    300,000    350,000    400,000    500,000    750,000    1,000,000     Min. Beds    1    2    3    4    5    6     ViewIT   Dubai Properties in Regional  No listings found      Want to Buy or Sell Your  Property?  Want to Buy or Sell Your  Property? ViewIT is the only property portal that exclusively lists video listings on it‚Äôs site. We feel videos offer a more immersive experience for buyers and tenants. Welcome to the future of Real Estate.  Quick Links   - Home   - About Us   - Services -Privacy Policy  - Contact Us    Copyright ¬© 2021 ViewIT. All rights reserved.        Quick Links   -Home   -About Us   -Contact Us -Privacy Policy   Copyright ¬© 2021 ViewIT. All rights reserved.  <noscript  ><iframe   src=""https://www.googletagmanager.com/ns.html?id=GTM-PK98C87""   height=""0""   width=""0""   style=""display: none; visibility: hidden""  ></iframe  ></noscript> "
36,listings location=The%20Address%20Dubai%20Mall,"listings location=The%20Address%20Dubai%20Mall.  View IT Search For Properties     Buy    Rent About Us  Viewings made  easy    Buy    Rent      ViewIT      Min Rent    20,000    30,000    40,000    50,000    60,000    70,000    80,000    90,000    100,000    110,000    120,000    130,000    140,000    150,000    160,000    170,000    180,000    190,000    200,000    225,000    250,000    275,000    300,000    350,000    400,000    500,000    750,000    1,000,000     Max Rent    20,000    30,000    40,000    50,000    60,000    70,000    80,000    90,000    100,000    110,000    120,000    130,000    140,000    150,000    160,000    170,000    180,000    190,000    200,000    225,000    250,000    275,000    300,000    350,000    400,000    500,000    750,000    1,000,000     Min. Beds    1    2    3    4    5    6     ViewIT   Dubai Properties in The Address Dubai Mall  No listings found      Want to Buy or Sell Your  Property?  Want to Buy or Sell Your  Property? ViewIT is the only property portal that exclusively lists video listings on it‚Äôs site. We feel videos offer a more immersive experience for buyers and tenants. Welcome to the future of Real Estate.  Quick Links   - Home   - About Us   - Services -Privacy Policy  - Contact Us    Copyright ¬© 2021 ViewIT. All rights reserved.        Quick Links   -Home   -About Us   -Contact Us -Privacy Policy   Copyright ¬© 2021 ViewIT. All rights reserved.  <noscript  ><iframe   src=""https://www.googletagmanager.com/ns.html?id=GTM-PK98C87""   height=""0""   width=""0""   style=""display: none; visibility: hidden""  ></iframe  ></noscript> "
37,listings location=The%20Meadows,"listings location=The%20Meadows.  View IT Search For Properties     Buy    Rent About Us  Viewings made  easy    Buy    Rent      ViewIT      Min Rent    20,000    30,000    40,000    50,000    60,000    70,000    80,000    90,000    100,000    110,000    120,000    130,000    140,000    150,000    160,000    170,000    180,000    190,000    200,000    225,000    250,000    275,000    300,000    350,000    400,000    500,000    750,000    1,000,000     Max Rent    20,000    30,000    40,000    50,000    60,000    70,000    80,000    90,000    100,000    110,000    120,000    130,000    140,000    150,000    160,000    170,000    180,000    190,000    200,000    225,000    250,000    275,000    300,000    350,000    400,000    500,000    750,000    1,000,000     Min. Beds    1    2    3    4    5    6     ViewIT   Dubai Properties in The Meadows  No listings found      Want to Buy or Sell Your  Property?  Want to Buy or Sell Your  Property? ViewIT is the only property portal that exclusively lists video listings on it‚Äôs site. We feel videos offer a more immersive experience for buyers and tenants. Welcome to the future of Real Estate.  Quick Links   - Home   - About Us   - Services -Privacy Policy  - Contact Us    Copyright ¬© 2021 ViewIT. All rights reserved.        Quick Links   -Home   -About Us   -Contact Us -Privacy Policy   Copyright ¬© 2021 ViewIT. All rights reserved.  <noscript  ><iframe   src=""https://www.googletagmanager.com/ns.html?id=GTM-PK98C87""   height=""0""   width=""0""   style=""display: none; visibility: hidden""  ></iframe  ></noscript> "
38,listings location=The%20Park%20Villas,"listings location=The%20Park%20Villas.  View IT Search For Properties     Buy    Rent About Us  Viewings made  easy    Buy    Rent      ViewIT      Min Rent    20,000    30,000    40,000    50,000    60,000    70,000    80,000    90,000    100,000    110,000    120,000    130,000    140,000    150,000    160,000    170,000    180,000    190,000    200,000    225,000    250,000    275,000    300,000    350,000    400,000    500,000    750,000    1,000,000     Max Rent    20,000    30,000    40,000    50,000    60,000    70,000    80,000    90,000    100,000    110,000    120,000    130,000    140,000    150,000    160,000    170,000    180,000    190,000    200,000    225,000    250,000    275,000    300,000    350,000    400,000    500,000    750,000    1,000,000     Min. Beds    1    2    3    4    5    6     ViewIT   Dubai Properties in The Park Villas  No listings found      Want to Buy or Sell Your  Property?  Want to Buy or Sell Your  Property? ViewIT is the only property portal that exclusively lists video listings on it‚Äôs site. We feel videos offer a more immersive experience for buyers and tenants. Welcome to the future of Real Estate.  Quick Links   - Home   - About Us   - Services -Privacy Policy  - Contact Us    Copyright ¬© 2021 ViewIT. All rights reserved.        Quick Links   -Home   -About Us   -Contact Us -Privacy Policy   Copyright ¬© 2021 ViewIT. All rights reserved.  <noscript  ><iframe   src=""https://www.googletagmanager.com/ns.html?id=GTM-PK98C87""   height=""0""   width=""0""   style=""display: none; visibility: hidden""  ></iframe  ></noscript> "
39,listings location=Uptown%20Motor%20City,"listings location=Uptown%20Motor%20City.  View IT Search For Properties     Buy    Rent About Us  Viewings made  easy    Buy    Rent      ViewIT      Min Rent    20,000    30,000    40,000    50,000    60,000    70,000    80,000    90,000    100,000    110,000    120,000    130,000    140,000    150,000    160,000    170,000    180,000    190,000    200,000    225,000    250,000    275,000    300,000    350,000    400,000    500,000    750,000    1,000,000     Max Rent    20,000    30,000    40,000    50,000    60,000    70,000    80,000    90,000    100,000    110,000    120,000    130,000    140,000    150,000    160,000    170,000    180,000    190,000    200,000    225,000    250,000    275,000    300,000    350,000    400,000    500,000    750,000    1,000,000     Min. Beds    1    2    3    4    5    6     ViewIT   Dubai Properties in Uptown Motor City  No listings found      Want to Buy or Sell Your  Property?  Want to Buy or Sell Your  Property? ViewIT is the only property portal that exclusively lists video listings on it‚Äôs site. We feel videos offer a more immersive experience for buyers and tenants. Welcome to the future of Real Estate.  Quick Links   - Home   - About Us   - Services -Privacy Policy  - Contact Us    Copyright ¬© 2021 ViewIT. All rights reserved.        Quick Links   -Home   -About Us   -Contact Us -Privacy Policy   Copyright ¬© 2021 ViewIT. All rights reserved.  <noscript  ><iframe   src=""https://www.googletagmanager.com/ns.html?id=GTM-PK98C87""   height=""0""   width=""0""   style=""display: none; visibility: hidden""  ></iframe  ></noscript> "
40,rent,"rent.  View IT - Dubai's number one property website for properties for sale and to rent.     Buy    Rent About Us  Viewings made  easy    Buy    Rent      ViewIT      Min Rent    20,000    30,000    40,000    50,000    60,000    70,000    80,000    90,000    100,000    110,000    120,000    130,000    140,000    150,000    160,000    170,000    180,000    190,000    200,000    225,000    250,000    275,000    300,000    350,000    400,000    500,000    750,000    1,000,000     Max Rent    20,000    30,000    40,000    50,000    60,000    70,000    80,000    90,000    100,000    110,000    120,000    130,000    140,000    150,000    160,000    170,000    180,000    190,000    200,000    225,000    250,000    275,000    300,000    350,000    400,000    500,000    750,000    1,000,000     Min. Beds    1    2    3    4    5    6     ViewIT   Featured Listings  Featured Listings  Bur Dubai AED 82,000 Al Mankhool Massive 2bhk with store in 85k  Apartment   2   3   1,600 Sq Ft  DAMAC Hills (Akoya by DAMAC) AED 229,900 The Park Villas CORNER UNIT |VACANT | 4BR | BRAND NEW | BEST PRICE  Townhouse   4   5   2,462 Sq Ft  Jumeirah Village Circle AED 70,000 Crystal Residence Fully furnished one bed room apartment in JVC   Apartment   1   2   936 Sq Ft  IMPZ AED 50,000 Oakwood Residency Spacious 1 bed | Large living room | Open & bright  Apartment   1   1   986 Sq Ft  Dubai Marina AED 125,000 Dusit Princess Residence Sea view | High floor | 2 BHK in heart of dubai   Apartment   2   3   1,305 Sq Ft  Jumeirah Village Circle AED 45,000 Diamond Views Ready to move | One bed room apartment |  Apartment   1   1   730 Sq Ft   Features & Benefits  Features & Benefits  This is how we Streamline our Process  This is how we Streamline our Process  Our process is very simple. 1. Agent goes to the listing. 2. Agent takes a video of the listing. 3. Agent geo-tags himself at the listing. 4. Agent uploads the listing to ViewIT.ae These 4 simple steps are at the root of our product. Our goal is to deliver immersive and verifiable listings to our clients, giving you the piece of mind that you are viewing the real thing. Time Efficient     By watching ViewIT videos, you will save valuable time by     being able to view the Property from your phone.         Support Team         We have a 247 support team to help you with any issues you may     have        Target The Best        We only list the best Properties - we ensure that each listing    is filmed at 1080p and has the requisite information and    annotations to ensure that your choice is an informed one.        Want to Buy or Sell Your  Property?  Want to Buy or Sell Your  Property? ViewIT is the only property portal that exclusively lists video listings on it‚Äôs site. We feel videos offer a more immersive experience for buyers and tenants. Welcome to the future of Real Estate.  Quick Links   - Home   - About Us   - Services -Privacy Policy  - Contact Us    Copyright ¬© 2021 ViewIT. All rights reserved.        Quick Links   -Home   -About Us   -Contact Us -Privacy Policy   Copyright ¬© 2021 ViewIT. All rights reserved.  <noscript  ><iframe   src=""https://www.googletagmanager.com/ns.html?id=GTM-PK98C87""   height=""0""   width=""0""   style=""display: none; visibility: hidden""  ></iframe  ></noscript> "
41,,. 
